{"UUID":"CM4g8USNuTUdtHP1h4dacI","layoutMainAxisSizing":null,"layoutCrossAxisSizing":null,"name":"Hotel booking app....admin side","isVisible":true,"boundaryRectangle":null,"style":null,"prototypeNodeUUID":null,"child":null,"constraints":null,"debug":false,"pngPath":"/usr/src/app/temp-out/pb-tmp-ac91eddd-ad1c-4453-a604-df105c2ccb67/hotel/lib/assets/images","pages":[{"UUID":"0:1","layoutMainAxisSizing":null,"layoutCrossAxisSizing":null,"name":"Page 1","isVisible":true,"boundaryRectangle":null,"style":null,"prototypeNodeUUID":null,"child":null,"constraints":null,"convert":true,"screens":[],"pbdlType":"page"},{"UUID":"85:11","layoutMainAxisSizing":null,"layoutCrossAxisSizing":null,"name":"Page 2","isVisible":true,"boundaryRectangle":null,"style":null,"prototypeNodeUUID":null,"child":null,"constraints":null,"convert":true,"screens":[],"pbdlType":"page"}],"miscPages":[],"sharedStyles":[],"globalStyles":{"UUID":"","layoutMainAxisSizing":null,"layoutCrossAxisSizing":null,"name":"","isVisible":false,"boundaryRectangle":null,"style":null,"prototypeNodeUUID":null,"child":null,"constraints":null,"pbdlType":"global_styles","designSystem":"material","colors":[{"UUID":"10:173","layoutMainAxisSizing":null,"layoutCrossAxisSizing":null,"name":"Label Color/Light/Secondary","isVisible":false,"boundaryRectangle":null,"style":null,"prototypeNodeUUID":null,"child":null,"constraints":null,"description":"","pbdlType":"global_color","color":{"a":1.0,"r":0.23529411852359772,"g":0.23529411852359772,"b":0.26274511218070984}},{"UUID":"10:171","layoutMainAxisSizing":null,"layoutCrossAxisSizing":null,"name":"Fill Color/Light/Tertiary","isVisible":false,"boundaryRectangle":null,"style":null,"prototypeNodeUUID":null,"child":null,"constraints":null,"description":"","pbdlType":"global_color","color":{"a":1.0,"r":0.4627451002597809,"g":0.4627451002597809,"b":0.501960813999176}},{"UUID":"85:19","layoutMainAxisSizing":null,"layoutCrossAxisSizing":null,"name":"Grey / 900","isVisible":false,"boundaryRectangle":null,"style":null,"prototypeNodeUUID":null,"child":null,"constraints":null,"description":"","pbdlType":"global_color","color":{"a":1.0,"r":0.007843137718737125,"g":0.007843137718737125,"b":0.007843137718737125}},{"UUID":"136:25","layoutMainAxisSizing":null,"layoutCrossAxisSizing":null,"name":"green","isVisible":false,"boundaryRectangle":null,"style":null,"prototypeNodeUUID":null,"child":null,"constraints":null,"description":"","pbdlType":"global_color","color":{"a":1.0,"r":0.7137255072593689,"g":0.8823529481887817,"b":0.239215686917305}}],"textStyles":[{"UUID":"10:174","layoutMainAxisSizing":null,"layoutCrossAxisSizing":null,"name":"Default/Regular/Body","isVisible":false,"boundaryRectangle":null,"style":null,"prototypeNodeUUID":null,"child":null,"constraints":null,"description":"","pbdlType":"global_text_style","textStyle":{"UUID":"","layoutMainAxisSizing":null,"layoutCrossAxisSizing":null,"name":"","isVisible":false,"boundaryRectangle":null,"style":null,"prototypeNodeUUID":"","child":null,"constraints":null,"fontFamily":"SF Pro Text","fontPostScriptName":"SFProText-Regular","paragraphSpacing":0,"paragraphIndent":0,"listSpacing":0,"italics":null,"fontWeight":400,"fontSize":17.0,"textCase":"ORIGINAL","textDecoration":"NONE","textAutoResize":"WIDTH_AND_HEIGHT","textAlignHorizontal":"LEFT","textAlignVertical":"TOP","letterSpacing":-0.40799999237060547,"fills":null,"hyperLink":null,"opentypeFlags":{},"lineHeightPx":22.0,"lineHeightPercent":108.44324493408203,"lineHeightPercentFontSize":129.41175842285156,"lineHeightUnit":"PIXELS","pbdlType":"text_style"}}],"themeColors":[],"themeTextStyles":[]},"pbdlType":"project","azure_container_uri":"https://pbnestcore.blob.core.windows.net/cm4g8usnutudthp1h4daci"}